person_name,count
Zechariah,23
Shemaiah,21
Azariah,18
Shimei,17
Meshullam,16
Maaseiah,14
Jonathan,14
Shallum,13
Zichri,12
Obadiah,12
Joseph,12
Hananiah,12
Joel,11
Benaiah,11
Mattaniah,10
Malchijah,10
Johanan,10
Seraiah,10
Zebadiah,9
Bani,9
Eliezer,9
Adaiah,9
Simon,9
Michael,9
Eleazar,9
Shelemiah,8
Shephatiah,8
Eliel,8
Eliashib,8
Elkanah,8
Jozabad,8
Amariah,8
Maacah,8
Hanan,8
Pharaoh,8
Jeshua,8
Shecaniah,8
Jeiel,8
Jeremiah,8
Joash,8
Hashabiah,8
Nathan,8
Jehiel,8
Nethanel,7
Jeremoth,7
Jeroham,7
Zadok,7
Berechiah,6
Eliphelet,6
Jahath,6
Elishama,6
Jedaiah,6
Zabad,6
Zerah,6
Iddo,6
Ishmael,6
Ahijah,6
Abijah,6
Zaccur,6
Micaiah,6
Elioenai,6
Uzzi,6
Pedaiah,6
Uzziel,6
Hilkiah,6
Mary,6
Judas,5
Jerimoth,5
Zedekiah,5
Manasseh,5
Jeshaiah,5
Ammihud,5
Judah,5
Gedaliah,5
Elah,5
Eber,5
Obed,5
Elam,5
Shelomith,5
Shaphat,5
Sheba,5
Mattithiah,5
Elihu,5
Abihail,5
Jobab,5
Eliakim,5
Shammah,5
John,5
Hodaviah,5
Joshua,5
Jehu,5
Jeush,5
Delaiah,5
Ezer,5
Eliab,5
Uriah,4
Nadab,4
Asahel,4
Asaiah,4
Asaph,4
Azarel,4
Jaazaniah,4
Azrikam,4
Joah,4
Elijah,4
Rephaiah,4
Malluch,4
Azmaveth,4
Alexander,4
Rehum,4
Reuel,4
Isshiah,4
Elnathan,4
Korah,4
Omri,4
Zephaniah,4
James,4
Hodiah,4
Shimri,4
Benjamin,4
Pethahiah,4
Jehoshaphat,4
Jahaziel,4
Pashhur,4
Harim,4
Hanani,4
Jehohanan,4
Beriah,4
Micah,4
Pelatiah,4
Shebaniah,4
Simeon,4
Baruch,4
Shema,4
Binnui,4
Kish,4
Ahitub,4
Shemariah,4
Gera,4
Nethaniah,4
Jachin,4
Heber,4
Joiada,3
Sallu,3
Jediael,3
Mahli,3
Shaphan,3
Meraioth,3
Shaul,3
Shealtiel,3
Shechem,3
Samuel,3
Jamin,3
Joab,3
Baana,3
Jehoiada,3
Tarshish,3
Tahath,3
Azzur,3
Mishael,3
Azriel,3
Tamar,3
Joiarib,3
Barzillai,3
Miniamin,3
Jerahmeel,3
Mattenai,3
Azaziah,3
Jair,3
Jether,3
Bela,3
Attai,3
Mijamin,3
Athaliah,3
Jehozabad,3
Eliada,3
Shammai,3
Baanah,3
Shammua,3
Jehoram,3
Mesha,3
Elon,3
Akkub,3
Zimri,3
Ram,3
Immer,3
Zabdi,3
Amaziah,3
Reaiah,3
Ammiel,3
Hadad,3
Rechab,3
Hezekiah,3
Amon,3
Paseah,3
Jotham,3
Herod,3
Abimelech,3
Haran,3
Igal,3
Uzziah,3
Hanun,3
Hoshea,3
Kenaz,3
Philip,3
Kemuel,3
Hur,3
Adonijah,3
Gilead,3
Ahimaaz,3
Zerubbabel,3
Ahimelech,3
Ahio,3
Hushim,3
Gershom,3
Gedor,3
King of Edom,3
Ira,3
Levi,3
Ephah,3
Arah,3
Hattush,3
Zur,3
King of Moab,3
Uri,3
Ishi,3
Er,3
Epher,3
Uz,3
Ethan,3
Ananias,3
Aram,3
Uzzah,3
Hasshub,3
Naaman,3
Abdon,3
Shelomoth,2
Obed-edom,2
Hiram,2
Hakkoz,2
Penuel,2
Hezron,2
Hashum,2
Havilah,2
Meshezabel,2
Carmi,2
Chenaanah,2
Helez,2
Deborah,2
Phinehas,2
Dedan,2
Noah,2
Demetrius,2
Noadiah,2
Mikloth,2
Hori,2
Hebron,2
Ozem,2
Hanoch,2
Peleth,2
Henadad,2
Hassenuah,2
Hashabneiah,2
Onam,2
Hepher,2
Mibsam,2
Cush,2
Claudius,2
Palti,2
Shebuel,2
Cushi,2
Jakim,2
Pelet,2
Mica,2
Heman,2
Pelaiah,2
Shelah,2
Hezir,2
Daniel,2
Darius,2
Parosh,2
Japhia,2
Hanniel,2
Sharezer,2
Puah,2
Hoshaiah,2
Mordecai,2
Neariah,2
Eli,2
Ezra,2
Rehob,2
Ezbon,2
Jaasiel,2
Rekem,2
Eliam,2
Eliasaph,2
Eliehoenai,2
Nahum,2
Eshtemoa,2
Rezin,2
Nahor,2
Nahath,2
Imri,2
Eliphaz,2
Nahash,2
Erastus,2
Elishah,2
Izhar,2
Moza,2
Ishvi,2
Ithran,2
Ithiel,2
Enoch,2
Issachar,2
Shemer,2
Sallai,2
Elzabad,2
Saul,2
Imnah,2
Shabbethai,2
Hushai,2
Hotham,2
Shaaph,2
Dishon,2
Guni,2
Milcah,2
Dodo,2
Gomer,2
Jaddua,2
Gog,2
Miriam,2
Naamah,2
Giddel,2
Ebed,2
Jacob,2
Nergal-sar-ezer,2
Eleasah,2
Nepheg,2
Eder,2
Gemariah,2
Mishma,2
Nehemiah,2
Ehud,2
Gazez,2
Gamaliel,2
Elasah,2
Segub,2
Gaius,2
Mithredath,2
Raphah,2
Gad,2
Jephunneh,2
Heldai,2
Machir,2
Joha,2
Jezreel,2
Adnah,2
Asa,2
Tikvah,2
Timna,2
Zerahiah,2
Mahlah,2
Arioch,2
King of Arad,2
Ariel,2
Joiakim,2
Mahath,2
Tobiah,2
Tobijah,2
Agag,2
Mahalath,2
Adna,2
Tema,2
Jeroboam,2
Azubah,2
Zillethai,2
Achbor,2
Achsah,2
Mareshah,2
Talmai,2
Baal-hanan,2
Baal,2
Zibeon,2
Lazarus,2
Adiel,2
Lamech,2
Jeuel,2
Ater,2
Assir,2
Asshur,2
Asriel,2
Mahalalel,2
Tola,2
Ahab,2
Zabbai,2
Amram,2
Josiah,2
Ahinoam,2
Amos,2
YHVH,2
Amnon,2
Amminadab,2
Zabdiel,2
Libni,2
Amasa,2
Lucius,2
Ahlai,2
Alemeth,2
Aiah,2
Kadmiel,2
Lud,2
Amzi,2
Maaziah,2
Anaiah,2
Ahiman,2
Zelophehad,2
Ahaz,2
Joram,2
Ahaziah,2
Ahi,2
Ulam,2
Unni,2
Ahiezer,2
Shemiramoth,2
Joshaphat,2
Uthai,2
Ahihud,2
Ahilud,2
Anathoth,2
Uzza,2
Tabeel,2
Jezebel,2
Bezalel,2
Jehoiarib,2
Abiram,2
Bukki,2
Jehallelel,2
Ben-hadad,2
Mephibosheth,2
Mehetabel,2
Jehozadak,2
Shua,2
Shomer,2
Beor,2
Jehonathan,2
Shobal,2
Ziza,2
Shobab,2
Abdi,2
Sheva,2
Jehoahaz,2
Abinadab,2
Zimmah,2
Melchi,2
King of the sons of Ammon,2
Zohar,2
Abihud,2
Shimea,2
Jehdeiah,2
Abiezer,2
Bilhan,2
Abigail,2
Kolaiah,2
Bilgah,2
Shuthelah,2
Sisera,2
Mattan,2
Meremoth,2
Basemath,2
Caesar,2
Mattathias,2
Ziph,2
Sherebiah,2
Becher,2
Buz,2
Matthat,2
Kore,2
Abishua,2
Bunni,2
Abdeel,2
Jekamiah,2
Beeri,2
King of the North,1
Nekoda,1
Onesiphorus,1
Nehushta,1
Ophir,1
Linus,1
Netanel,1
Lois,1
King of Tirzah,1
Kishi,1
Ner,1
Nereus,1
King of Tappuah,1
King of the South,1
Onan,1
Neriah,1
Ophrah,1
Nephisim,1
Nemuel,1
King of the Ammonites,1
Onesimus,1
Lotan,1
Lot,1
Oreb,1
Lo-ammi,1
Neri,1
Lo-ruhamah,1
King of Tyre,1
Ladan,1
Neziah,1
Kittim,1
Obal,1
Leah,1
Oholibamah,1
Oholiab,1
Lappidoth,1
Ohel,1
Nedabiah,1
Ohad,1
Obil,1
Ochran,1
Laish,1
Koz,1
Lahmi,1
Og,1
Laadah,1
Lahad,1
Oded,1
Lael,1
Laban,1
Lebanah,1
Lecah,1
Nympha,1
Leum,1
Nicanor,1
Lihki,1
On,1
Nicodemus,1
Nicolas,1
Nimrod,1
Kohath,1
Nimshi,1
Omar,1
Nun,1
Letush,1
Nobah,1
Nogah,1
Olympas,1
Lemuel,1
Nohah,1
Lehab,1
Legion,1
Luke,1
Meres,1
Lydia,1
Michal,1
Midian,1
Medan,1
Medad,1
Mikneiah,1
Matthias,1
Matthew,1
Milalai,1
Matthan,1
Mattattah,1
Mattatha,1
Matred,1
Massa,1
Mirmah,1
Mash,1
Misham,1
Martha,1
Marsena,1
Mishmannah,1
Mispar,1
Maon,1
Mizraim,1
Maoch,1
Manoah,1
Manahath,1
Manaen,1
Michri,1
Mehida,1
Mizzah,1
Mehir,1
Meshech,1
Mered,1
Meshillemith,1
Meshillemoth,1
Merari,1
Meshobab,1
Meshuallam,1
Meraiah,1
Merab,1
Meonothai,1
Meshullemeth,1
Methuselah,1
Oren,1
Menachem,1
Methushael,1
Meunim,1
Memucan,1
Melech,1
Mezahab,1
Melea,1
Mibzar,1
Melchizedek,1
Melatiah,1
Mehuman,1
Mehujael,1
Mamre,1
Mnason,1
Lysanias,1
Madmannah,1
Machnadebai,1
Naharai,1
Nahbi,1
Nahshon,1
Machi,1
Machbena,1
Naomi,1
Naphish,1
Naphtali,1
Naphtuh,1
Narcissus,1
Machbannai,1
Maaz,1
Nathan-melech,1
Nebai,1
Maath,1
Nebaioth,1
Maasai,1
Nebat,1
Maai,1
Nebo,1
Maadai,1
Nebuchadnezzar,1
Nebushazban,1
Nebuzaradan,1
Madai,1
Nahamani,1
Mallothi,1
Naham,1
Moab,1
Malchus,1
Moadiah,1
Malchiram,1
Molid,1
Malchiel,1
Malchi-shua,1
Malcam,1
Moses,1
Malachi,1
Mahseiah,1
Mahlon,1
Muppim,1
Mushi,1
Naam,1
Mahazioth,1
Maharai,1
Naarah,1
Magpiash,1
Nabal,1
Magog,1
Naboth,1
Magdiel,1
Magbish,1
Naggai,1
Menna,1
Reu,1
Orpah,1
Tekoa,1
Tebaliah,1
Tebah,1
Tattenai,1
Tartan,1
Tarea,1
Tappuah,1
Taphath,1
Tanhumeth,1
Talmon,1
Talitha,1
Tahpenes,1
Tahash,1
Tahan,1
Tabrimmon,1
Tabitha,1
Tabbaoth,1
Syntyche,1
Susi,1
Susanna,1
Tehinnah,1
Telah,1
Stephen,1
Telem,1
Tiras,1
Timothy,1
Timon,1
Timaeus,1
Tilon,1
Tiglath-pileser,1
Tidal,1
Tibni,1
Thomas,1
Theudas,1
Theophilus,1
Thaddaeus,1
Tertullus,1
Tertius,1
Teresh,1
Terah,1
Temeni,1
Teman,1
Temah,1
Suah,1
Stephanas,1
Tirhanah,1
Shobi,1
Shobai,1
Shobach,1
Shiza,1
Shitrai,1
Shishak,1
Shisha,1
Shiphtan,1
Shiphrah,1
Shiphi,1
Shinab,1
Shimshai,1
Shimron,1
Shimrath,1
Shimon,1
Shimeon,1
Shimeath,1
Shimeah,1
Shilshah,1
Shillem,1
Shobek,1
Shoham,1
Stachys,1
Shuah,1
Sotai,1
Sosipater,1
Sopater,1
Solomon,1
Sodi,1
Soco,1
So,1
Sithri,1
Sismai,1
Sini,1
Silas,1
Sihon,1
Sidon,1
Sibbecai,1
Siaha,1
Shuppim,1
Shuni,1
Shuhah,1
Shual,1
Tirhakah,1
Tiria,1
Shethar-bozenai,1
Zibiah,1
Ziba,1
Zia,1
Zethar,1
Zethan,1
Zetham,1
Zeruiah,1
Zeruah,1
Zeror,1
Zeri,1
Zereth,1
Zeresh,1
Zepho,1
Zenas,1
Zemirah,1
Zemar,1
Zelek,1
Zeeb,1
Zecher,1
Zebulun,1
Zibia,1
Ziha,1
Zebina,1
Zillah,1
the angel of the LORD,1
the Ethiopian eunuch,1
daughter of the King of the South,1
a despicable person,1
Zurishaddai,1
Zuriel,1
Zuph,1
Zuar,1
Zophar,1
Zophah,1
Zoheth,1
Zobebah,1
Zipporah,1
Zippor,1
Ziphion,1
Ziphah,1
Zina,1
Zimran,1
Zilpah,1
Zebul,1
Zebidah,1
Tirzah,1
Uzzia,1
Uzai,1
Urijah,1
Uriel,1
Urbanus,1
Uel,1
Ucal,1
Tyrannus,1
Tychicus,1
Tubal-cain,1
Tubal,1
Tryphosa,1
Tryphaena,1
Trophimus,1
Toi,1
Tohu,1
Togarmah,1
Tobadonijah,1
Titus,1
Titius,1
Uzal,1
Vaizatha,1
Zebedee,1
Vaniah,1
Zebah,1
Zaza,1
Zattu,1
Zanoah,1
Zalmunna,1
Zalmon,1
Zalaph,1
Zaham,1
Zacharias,1
Zaccheus,1
Zaccai,1
Zabud,1
Zaboud,1
Zabbud,1
Zaavan,1
Younger of Lot,1
Wife of Lot,1
Vophsi,1
Vashti,1
Shilhi,1
Shethar,1
Osnappar,1
Quirinius,1
Quartus,1
Pyrrhus,1
Puvvah,1
Putiel,1
Put,1
Purah,1
Pul,1
Pudens,1
Publius,1
Prochorus,1
Priscilla,1
Prince of the Kingdom of Persia,1
Prince of Greece,1
Potiphera,1
Potiphar,1
Porcius,1
Poratha,1
Pochereth-hazzebaim,1
Pithon,1
Queen of Sheba,1
Raamah,1
Piram,1
Rab-saris,1
Rephah,1
Rephael,1
Remaliah,1
Rei,1
Rehoboam,1
Rehabiah,1
Regemmelech,1
Regem,1
Reelaiah,1
Rebekah,1
Reba,1
Raphu,1
Ramiah,1
Rakem,1
Raham,1
Rahab,1
Raddai,1
Rachel,1
Rabshakeh,1
Pispa,1
Pinon,1
King of Sidon,1
Pekahiah,1
Pedahzur,1
Pedahel,1
Patrobas,1
Pathrus,1
Pasach,1
Paruah,1
Parshandatha,1
Parnach,1
Parmenas,1
Parmashta,1
Paltiel,1
Pallu,1
Palal,1
Pahath-moab,1
Pagiel,1
Padon,1
Paarai,1
Othniel,1
Othni,1
Pekah,1
Pelaliah,1
Piltai,1
Peleg,1
Pilha,1
Pildash,1
Pilate,1
Phygelus,1
Phoebe,1
Phlegon,1
Philologus,1
Philetus,1
Philemon,1
Phicol,1
Pharaoh Neco,1
Phanuel,1
Peullethai,1
Pethuel,1
Peruda,1
Persis,1
Perez,1
Peresh,1
Peninnah,1
Resheph,1
Reuben,1
Sheshbazzar,1
Sheal,1
Shashai,1
Sharar,1
Sharai,1
Shapham,1
Shamsherai,1
Shamma,1
Shamir,1
Shamhuth,1
Shamgar,1
Shama,1
Shalmaneser,1
Shalmai,1
Shaharaim,1
Shaashgaz,1
Sethur,1
Seth,1
Serug,1
Sergius,1
Sered,1
Shashak,1
Shear-jashub,1
Sephatiah,1
Sheariah,1
Sheshan,1
Sheshai,1
Sheresh,1
Shepho,1
Shenazzar,1
Shemida,1
Shemed,1
Shemeber,1
Shemaah,1
Shem,1
Shelumiel,1
Shelomi,1
Shelesh,1
Sheleph,1
Shehariah,1
Sheerah,1
Shedeur,1
Shebnah,1
Sheber,1
Serah,1
Seorim,1
Reumah,1
Salmon,1
Sachia,1
Sacar,1
Sabteca,1
Sabtah,1
Ruth,1
Rufus,1
Rosh,1
Romamti-ezer,1
Rokeim,1
Rohgah,1
Rizpah,1
Rizia,1
Riphath,1
Rinnah,1
Rimmon,1
Ribai,1
Rhoda,1
Rhesa,1
Rezon,1
Salma,1
Salome,1
Sennacherib,1
Salu,1
Senaah,1
Semein,1
Semachiah,1
Seled,1
Seir,1
Secundus,1
Seba,1
Sceva,1
Satan,1
Sargon,1
Saraph,1
Sarai,1
Sar-sekim,1
Sapphira,1
Saph,1
Sanballat,1
Samson,1
Samlah,1
Samgar-nebu,1
King of Taanach,1
Aaron,1
King of Shimron-meron,1
Bunah,1
Candace,1
Canaan,1
Caleb,1
Calcol,1
Cainan,1
Cain,1
Caiaphas,1
Caesar Augustus,1
Buzi,1
Bukkiah,1
Bimhal,1
Bohan,1
Bocheru,1
Boaz,1
Blastus,1
Biztha,1
Bithia,1
Bishlam,1
Birzaith,1
Birsha,1
Caphtor,1
Carkas,1
Carshena,1
Casluh,1
Clopas,1
Cleopas,1
Clement,1
Claudia,1
Chuza,1
Chloe,1
Chislon,1
Chimham,1
Chilion,1
Chileab,1
Chesed,1
Cheran,1
Chenaniah,1
Chenani,1
Cheluhi,1
Chelubai,1
Chelub,1
Chelal,1
Chedorlaomer,1
Binea,1
Bilshan,1
Conaniah,1
Belshazzar,1
Ben-zoheth,1
Ben-hur,1
Ben-hesed,1
Ben-hail,1
Ben-geber,1
Ben-deker,1
Ben-ammi,1
Ben-abinadab,1
Ben,1
Beerah,1
Bilhah,1
Beera,1
Bedeiah,1
Bedan,1
Bedad,1
Becorath,1
Bebai,1
Bealiah,1
Bazluth,1
Bavvai,1
Benhanan,1
Beninu,1
Beno,1
Bera,1
Bilgai,1
Bildad,1
Bigvai,1
Bigthan,1
Bigtha,1
Bidkar,1
Bichri,1
Bezer,1
Bezai,1
Bethzur,1
Bethuel,1
Beth-rapha,1
Besodeiah,1
Besai,1
Berodach-baladan,1
Bernice,1
Beri,1
Beraiah,1
Beracah,1
Col-hozeh,1
Cornelius,1
Eutychus,1
Eliud,1
Enan,1
Elzaphan,1
Eluzai,1
Elpaal,1
Elnaam,1
Elmadam,1
Elizur,1
Elizaphan,1
Elizabeth,1
Elishua,1
Eliahba,1
Elisheba,1
Elishaphat,1
Elisha,1
Eliphelehu,1
Elimelech,1
Elika,1
Elihoreph,1
Elienai,1
Elidad,1
Enosh,1
Epanetus,1
Epaphroditus,1
Ephai,1
Eunice,1
Eubulus,1
Ethni,1
Ethnan,1
Ethbaal,1
Etam,1
Eshton,1
Eshek,1
Eshcol,1
Eshban,1
Esau,1
Esarhaddon,1
Eri,1
Eran,1
Ephron,1
Ephrath,1
Ephraim,1
Ephod,1
Ephlal,1
Eliathah,1
Elhanan,1
Cosam,1
Dathan,1
Dibri,1
Diblaim,1
Deuel,1
Demas,1
Delilah,1
Debir,1
Death,1
David,1
Daughter,1
Darkon,1
Eleadah,1
Darda,1
Dan,1
Damaris,1
Dalphon,1
Cyrus,1
Cushan-rishathaim,1
Crispus,1
Crescens,1
Cozbi,1
Diklah,1
Dinah,1
Dionysius,1
Diotrephes,1
Elead,1
Eldad,1
Eldaah,1
Ela,1
Eker,1
Ehi,1
Eglon,1
Eglah,1
Eden,1
Ebiasaph,1
Ebed-melech,1
Ebal,1
Dumah,1
Drusilla,1
Doeg,1
Dodavahu,1
Dodanim,1
Dodai,1
Dishan,1
Bathsheba,1
Bath-shua,1
Bartimaeus,1
Ahikam,1
Ahumai,1
Ahoah,1
Ahithophel,1
Ahishar,1
Ahishahar,1
Ahisamach,1
Ahira,1
Ahinadab,1
Ahimoth,1
Ahian,1
Aeneas,1
Ahiam,1
Ahiah,1
Ahban,1
Ahasuerus,1
Ahasbai,1
Aharhel,1
Agur,1
Agrippa,1
Agee,1
Ahuzzam,1
Ahuzzath,1
Ahzai,1
Akan,1
Amraphel,1
Ampliatus,1
Amoz,1
Amor,1
Amok,1
Ammizabad,1
Ammishaddai,1
Amittai,1
Ami,1
Amasiah,1
Amashsai,1
Amasai,1
Amalek,1
Amal,1
Alvan,1
Alvah,1
Alphaeus,1
Almodad,1
Allon,1
Agabus,1
Adriel,1
Bartholomew,1
Abiel,1
Abital,1
Abishur,1
Abishalom,1
Abishai,1
Abishag,1
Abinoam,1
Abimael,1
Abijam,1
Abihu,1
Abidan,1
Adrammelech,1
Abida,1
Abiathar,1
Abiasaph,1
Abi-albon,1
Abi,1
Abel,1
Abdiel,1
Abda,1
Abagtha,1
Abitub,1
Abner,1
Abram,1
Absalom,1
Adoram,1
Adoniram,1
Adonikam,1
Adoni-zedek,1
Adoni-bezek,1
Admin,1
Admatha,1
Adlai,1
Adina,1
Adin,1
Addi,1
Adbeel,1
Adam,1
Adalia,1
Adah,1
Achish,1
Achim,1
Achan,1
Achaicus,1
Anah,1
Anak,1
Anam,1
Asnah,1
Azaz,1
Azaryahu,1
Azaniah,1
Azaliah,1
Athlai,1
Athaiah,1
Atarah,1
Asynchritus,1
Aspatha,1
Asiel,1
Anan,1
Ashvath,1
Ashpenaz,1
Ashkenaz,1
Ashhur,1
Asher,1
Ashbel,1
Asharelah,1
Asenath,1
Asarel,1
Azbuk,1
Azel,1
Azgad,1
Aziel,1
Barkos,1
Bariah,1
Barak,1
Barachel,1
Barabbas,1
Bar-Jesus,1
Balak,1
Baladan,1
Balaam,1
Bakbukiah,1
Bakbuk,1
Bakbakkar,1
Baasha,1
Baaseiah,1
Baara,1
Baalis,1
Azzan,1
Azor,1
Aziza,1
Arza,1
Arvad,1
Artemas,1
Arad,1
Aquila,1
Apphia,1
Appaim,1
Apollos,1
Aphiah,1
Apelles,1
Anub,1
Antipas,1
Antichrist,1
Anthothijah,1
Annas,1
Anna,1
Aniam,1
Aner,1
Andronicus,1
Andrew,1
Anath,1
Ananiah,1
Anani,1
Ara,1
Aran,1
Artaxerxes,1
Araunah,1
Arpachshad,1
Arodi,1
Arnan,1
Armoni,1
Ark,1
Aristobulus,1
Aristarchus,1
Arisai,1
Arieh,1
Aridatha,1
Aridai,1
Argob,1
Aretas,1
Areli,1
Ardon,1
Ard,1
Archippus,1
Archelaus,1
Arba,1
Euodia,1
Eve,1
King of Shimron,1
Javan,1
Jehiah,1
Jehezkel,1
Jeduthun,1
Jedidah,1
Jecoliah,1
Jebus,1
Jeberechiah,1
Jeatherai,1
Jaziz,1
Jathniel,1
Japhlet,1
Jason,1
Jashubi-lehem,1
Jashub,1
Jashobeam,1
Jashen,1
Jashar,1
Jaroah,1
Jarib,1
Jarha,1
Jehikhiah,1
Jehoaddah,1
Jehoaddin,1
Jehoiachin,1
Jerubbesheth,1
Jerioth,1
Jeriel,1
Jeribai,1
Jeriah,1
Jeremai,1
Jered,1
Jerah,1
Abaddon,1
Jephthah,1
Jemuel,1
Jemimah,1
Jekuthiel,1
Jekameam,1
Jehudi,1
Jehucal,1
Jehubbah,1
Jehosheba,1
Jehonadab,1
Jared,1
Japheth,1
Jeshebeab,1
Izziah,1
Jabesh,1
Jabal,1
Jaaziel,1
Jaaziah,1
Jaasu,1
Jaareshiah,1
Jaare-oregim,1
Jaalah,1
Jaakobah,1
Izrahiah,1
Jannes,1
Izliah,1
Ittai,1
Ithream,1
Ithra,1
Ithmah,1
Ithamar,1
Isshijah,1
Ismachiah,1
Ishvah,1
Jabez,1
Jabin,1
Jacan,1
Jada,1
Jannai,1
Janai,1
Jamlech,1
Jambres,1
Jalon,1
Jalam,1
Jakeh,1
Jairus,1
Jahzerah,1
Jahzeiah,1
Jahzeel,1
Jahmai,1
Jahleel,1
Jahdo,1
Jahdiel,1
Jahdai,1
Jael,1
Jadon,1
Jaddai,1
Jerusha,1
Jesher,1
Evi,1
Keros,1
King of Arpad,1
King of Aram,1
King of Aphek,1
King of Ai,1
King of Adullam,1
King of Achshaph,1
King Jareb,1
Keziah,1
Keturah,1
Keren-happuch,1
Julius,1
Kenan,1
Kelita,1
Kelaiah,1
Keilah,1
Kedemah,1
Kedar,1
Kareah,1
Kallai,1
Jushab-hesed,1
King of Assyria,1
King of Bela,1
King of Bethel,1
King of Damascus,1
King of Sepharvaim,1
King of Nineveh,1
King of Megiddo,1
King of Makkedah,1
King of Maacah,1
King of Libnah,1
King of Lasharon,1
King of Kedesh,1
King of Jokneam,1
King of Jericho,1
King of Ivvah,1
King of Hormah,1
King of Hepher,1
King of Hena,1
King of Hamath,1
King of Goiim in Gilgal,1
King of Geder,1
King of Dor,1
King of Debir,1
Junias,1
Julia,1
Jeshishai,1
Jidlaph,1
Joezer,1
Joelah,1
Joed,1
Joda,1
Jochebed,1
Job,1
Joanna,1
Joanan,1
Joahaz,1
Jezrahiah,1
Judith,1
Jeziel,1
Jezer,1
Jeuz,1
Jetur,1
Jetheth,1
Jesus,1
Jesse,1
Jesimiel,1
Jeshohaiah,1
Jogli,1
Jokim,1
Jokshan,1
Joktan,1
Jucam,1
Jucal,1
Jubal,1
Jozadak,1
Jozacar,1
Josiphiah,1
Joshibiah,1
Josheb-basshebeth,1
Joshbekashah,1
Joshaviah,1
Joshah,1
Josech,1
Jorkeam,1
Jorim,1
Jorai,1
Jorah,1
Jonam,1
Jonah,1
Jonadab,1
Ishpan,1
Ishpah,1
Ishmerai,1
Haggedolim,1
Haman,1
Ham,1
Hallohesh,1
Hakupha,1
Hakkatan,1
Hagri,1
Haggith,1
Haggiah,1
Haggi,1
Haggai,1
Habazziniah,1
Hagar,1
Hagabah,1
Hagab,1
Hadoram,1
Hadlai,1
Hadassah,1
Hadar,1
Hadadezer,1
Hachmoni,1
Hamath,1
Hammedatha,1
Hammolecheth,1
Hammuel,1
Hasadiah,1
Haruz,1
Harumaph,1
Harum,1
Harsha,1
Haroeh,1
Harnepher,1
Hariph,1
Harhur,1
Harhas,1
Harhaiah,1
Hareph,1
Harbona,1
Happizzez,1
Hannah,1
Hanamel,1
Hamutal,1
Hamul,1
Hamor,1
Hacaliah,1
Habakkuk,1
Ishmaiah,1
Gabriel,1
Gareb,1
Gamul,1
Gallio,1
Galal,1
Gahar,1
Gaham,1
Gadi,1
Gaddiel,1
Gaddi,1
Gabbai,1
Habaiah,1
Gaal,1
Forunatus,1
Firstborn of Lot,1
Felix,1
Ezri,1
Ezrah,1
Ezekiel,1
Ezbai,1
Evil-merodach,1
Gatam,1
Gazzam,1
Geber,1
Gehazi,1
Haahashtari,1
Goliath,1
Gishpa,1
Girgash,1
Ginnethon,1
Ginath,1
Gilalai,1
Gideoni,1
Gideon,1
Giddalti,1
Gibea,1
Gibbar,1
Geuel,1
Gether,1
Geshem,1
Geshan,1
Gershon,1
Genubath,1
Gemalli,1
Hashabnah,1
Hashbaddanah,1
Hashubah,1
Husham,1
Idbash,1
Ichabod,1
Ibzan,1
Ibsam,1
Ibri,1
Ibnijah,1
Ibneiah,1
Ibhar,1
Hymenaeus,1
Hushah,1
Hassenaah,1
Huri,1
Huram-abi,1
Huppim,1
Huppah,1
Huldah,1
Hul,1
Hothir,1
Hoshama,1
Hosea,1
Iezer,1
Igdaliah,1
Ikkesh,1
Imlah,1
Ishma,1
Ishhod,1
Ishbi-benob,1
Ishbak,1
Ishbah,1
Ish-bosheth,1
Iscah,1
Isaiah,1
Isaac,1
Iru,1
Irijah,1
Iri,1
Iram,1
Irad,1
Iphdeiah,1
Iob,1
Imrah,1
Imna,1
Immanuel,1
Hosah,1
Horam,1
Hophni,1
Hemdan,1
Helon,1
Helkai,1
Helek,1
Heleb,1
Helah,1
Hegai,1
Hazzelelponi,1
Hazo,1
Haziel,1
Hazarmaveth,1
Hazaiah,1
Hazael,1
Hattil,1
Hatita,1
Hatipha,1
Hathath,1
Hathach,1
Hasupha,1
Hassophereth,1
Hemam,1
Hephzibah,1
Hoham,1
Heresh,1
Hoglah,1
Hodesh,1
Hobab,1
Hizkiah,1
Hizki,1
Hivi,1
Hirah,1
Hillel,1
Hiel,1
Hiddai,1
Hezro,1
Hezion,1
Heth,1
Hesli,1
Herodias,1
Herodian,1
Hermogenes,1
Hermes,1
Hermas,1
the captain of the host of the LORD,1
